0,1
0,"{'S': 1, 'E': 0, 'I': 0, 'R': 0, 'D': 0}"
1,"{'S': 0, 'E': 0, 'I': 1, 'R': 0, 'D': 0}"
2,"{'S': 1, 'E': 0, 'I': 0, 'R': 0, 'D': 0}"
3,"{'S': 1, 'E': 0, 'I': 0, 'R': 0, 'D': 0}"
4,"{'S': 1, 'E': 0, 'I': 0, 'R': 0, 'D': 0}"
5,"{'S': 1, 'E': 0, 'I': 0, 'R': 0, 'D': 0}"
6,"{'S': 0, 'E': 0, 'I': 1, 'R': 0, 'D': 0}"
7,"{'S': 1, 'E': 0, 'I': 0, 'R': 0, 'D': 0}"
8,"{'S': 1, 'E': 0, 'I': 0, 'R': 0, 'D': 0}"
9,"{'S': 1, 'E': 0, 'I': 0, 'R': 0, 'D': 0}"
10,"{'S': 0, 'E': 0, 'I': 1, 'R': 0, 'D': 0}"
11,"{'S': 1, 'E': 0, 'I': 0, 'R': 0, 'D': 0}"
12,"{'S': 0, 'E': 0, 'I': 1, 'R': 0, 'D': 0}"
13,"{'S': 1, 'E': 0, 'I': 0, 'R': 0, 'D': 0}"
14,"{'S': 1, 'E': 0, 'I': 0, 'R': 0, 'D': 0}"
15,"{'S': 1, 'E': 0, 'I': 0, 'R': 0, 'D': 0}"
16,"{'S': 1, 'E': 0, 'I': 0, 'R': 0, 'D': 0}"
17,"{'S': 1, 'E': 0, 'I': 0, 'R': 0, 'D': 0}"
18,"{'S': 0, 'E': 0, 'I': 1, 'R': 0, 'D': 0}"
19,"{'S': 1, 'E': 0, 'I': 0, 'R': 0, 'D': 0}"
20,"{'S': 1, 'E': 0, 'I': 0, 'R': 0, 'D': 0}"
21,"{'S': 1, 'E': 0, 'I': 0, 'R': 0, 'D': 0}"
22,"{'S': 1, 'E': 0, 'I': 0, 'R': 0, 'D': 0}"
23,"{'S': 1, 'E': 0, 'I': 0, 'R': 0, 'D': 0}"
24,"{'S': 1, 'E': 0, 'I': 0, 'R': 0, 'D': 0}"
25,"{'S': 1, 'E': 0, 'I': 0, 'R': 0, 'D': 0}"
26,"{'S': 1, 'E': 0, 'I': 0, 'R': 0, 'D': 0}"
27,"{'S': 1, 'E': 0, 'I': 0, 'R': 0, 'D': 0}"
28,"{'S': 1, 'E': 0, 'I': 0, 'R': 0, 'D': 0}"
29,"{'S': 1, 'E': 0, 'I': 0, 'R': 0, 'D': 0}"
30,"{'S': 1, 'E': 0, 'I': 0, 'R': 0, 'D': 0}"
31,"{'S': 1, 'E': 0, 'I': 0, 'R': 0, 'D': 0}"
32,"{'S': 1, 'E': 0, 'I': 0, 'R': 0, 'D': 0}"
33,"{'S': 1, 'E': 0, 'I': 0, 'R': 0, 'D': 0}"
34,"{'S': 1, 'E': 0, 'I': 0, 'R': 0, 'D': 0}"
35,"{'S': 1, 'E': 0, 'I': 0, 'R': 0, 'D': 0}"
36,"{'S': 1, 'E': 0, 'I': 0, 'R': 0, 'D': 0}"
37,"{'S': 1, 'E': 0, 'I': 0, 'R': 0, 'D': 0}"
38,"{'S': 1, 'E': 0, 'I': 0, 'R': 0, 'D': 0}"
39,"{'S': 1, 'E': 0, 'I': 0, 'R': 0, 'D': 0}"
40,"{'S': 1, 'E': 0, 'I': 0, 'R': 0, 'D': 0}"
41,"{'S': 1, 'E': 0, 'I': 0, 'R': 0, 'D': 0}"
42,"{'S': 1, 'E': 0, 'I': 0, 'R': 0, 'D': 0}"
43,"{'S': 1, 'E': 0, 'I': 0, 'R': 0, 'D': 0}"
44,"{'S': 1, 'E': 0, 'I': 0, 'R': 0, 'D': 0}"
45,"{'S': 1, 'E': 0, 'I': 0, 'R': 0, 'D': 0}"
46,"{'S': 1, 'E': 0, 'I': 0, 'R': 0, 'D': 0}"
47,"{'S': 1, 'E': 0, 'I': 0, 'R': 0, 'D': 0}"
48,"{'S': 1, 'E': 0, 'I': 0, 'R': 0, 'D': 0}"
49,"{'S': 1, 'E': 0, 'I': 0, 'R': 0, 'D': 0}"
50,"{'S': 1, 'E': 0, 'I': 0, 'R': 0, 'D': 0}"
51,"{'S': 1, 'E': 0, 'I': 0, 'R': 0, 'D': 0}"
52,"{'S': 1, 'E': 0, 'I': 0, 'R': 0, 'D': 0}"
53,"{'S': 1, 'E': 0, 'I': 0, 'R': 0, 'D': 0}"
54,"{'S': 1, 'E': 0, 'I': 0, 'R': 0, 'D': 0}"
55,"{'S': 1, 'E': 0, 'I': 0, 'R': 0, 'D': 0}"
56,"{'S': 1, 'E': 0, 'I': 0, 'R': 0, 'D': 0}"
57,"{'S': 1, 'E': 0, 'I': 0, 'R': 0, 'D': 0}"
58,"{'S': 1, 'E': 0, 'I': 0, 'R': 0, 'D': 0}"
59,"{'S': 1, 'E': 0, 'I': 0, 'R': 0, 'D': 0}"
60,"{'S': 1, 'E': 0, 'I': 0, 'R': 0, 'D': 0}"
61,"{'S': 1, 'E': 0, 'I': 0, 'R': 0, 'D': 0}"
62,"{'S': 1, 'E': 0, 'I': 0, 'R': 0, 'D': 0}"
63,"{'S': 1, 'E': 0, 'I': 0, 'R': 0, 'D': 0}"
64,"{'S': 1, 'E': 0, 'I': 0, 'R': 0, 'D': 0}"
65,"{'S': 1, 'E': 0, 'I': 0, 'R': 0, 'D': 0}"
66,"{'S': 1, 'E': 0, 'I': 0, 'R': 0, 'D': 0}"
67,"{'S': 1, 'E': 0, 'I': 0, 'R': 0, 'D': 0}"
68,"{'S': 1, 'E': 0, 'I': 0, 'R': 0, 'D': 0}"
69,"{'S': 1, 'E': 0, 'I': 0, 'R': 0, 'D': 0}"
70,"{'S': 1, 'E': 0, 'I': 0, 'R': 0, 'D': 0}"
71,"{'S': 1, 'E': 0, 'I': 0, 'R': 0, 'D': 0}"
72,"{'S': 1, 'E': 0, 'I': 0, 'R': 0, 'D': 0}"
73,"{'S': 1, 'E': 0, 'I': 0, 'R': 0, 'D': 0}"
74,"{'S': 1, 'E': 0, 'I': 0, 'R': 0, 'D': 0}"
75,"{'S': 1, 'E': 0, 'I': 0, 'R': 0, 'D': 0}"
76,"{'S': 1, 'E': 0, 'I': 0, 'R': 0, 'D': 0}"
77,"{'S': 1, 'E': 0, 'I': 0, 'R': 0, 'D': 0}"
78,"{'S': 1, 'E': 0, 'I': 0, 'R': 0, 'D': 0}"
79,"{'S': 1, 'E': 0, 'I': 0, 'R': 0, 'D': 0}"
80,"{'S': 1, 'E': 0, 'I': 0, 'R': 0, 'D': 0}"
81,"{'S': 1, 'E': 0, 'I': 0, 'R': 0, 'D': 0}"
82,"{'S': 1, 'E': 0, 'I': 0, 'R': 0, 'D': 0}"
83,"{'S': 1, 'E': 0, 'I': 0, 'R': 0, 'D': 0}"
84,"{'S': 1, 'E': 0, 'I': 0, 'R': 0, 'D': 0}"
85,"{'S': 1, 'E': 0, 'I': 0, 'R': 0, 'D': 0}"
86,"{'S': 1, 'E': 0, 'I': 0, 'R': 0, 'D': 0}"
87,"{'S': 1, 'E': 0, 'I': 0, 'R': 0, 'D': 0}"
88,"{'S': 1, 'E': 0, 'I': 0, 'R': 0, 'D': 0}"
89,"{'S': 1, 'E': 0, 'I': 0, 'R': 0, 'D': 0}"
90,"{'S': 1, 'E': 0, 'I': 0, 'R': 0, 'D': 0}"
91,"{'S': 1, 'E': 0, 'I': 0, 'R': 0, 'D': 0}"
92,"{'S': 1, 'E': 0, 'I': 0, 'R': 0, 'D': 0}"
93,"{'S': 0, 'E': 0, 'I': 1, 'R': 0, 'D': 0}"
94,"{'S': 1, 'E': 0, 'I': 0, 'R': 0, 'D': 0}"
95,"{'S': 1, 'E': 0, 'I': 0, 'R': 0, 'D': 0}"
96,"{'S': 1, 'E': 0, 'I': 0, 'R': 0, 'D': 0}"
97,"{'S': 1, 'E': 0, 'I': 0, 'R': 0, 'D': 0}"
98,"{'S': 1, 'E': 0, 'I': 0, 'R': 0, 'D': 0}"
99,"{'S': 1, 'E': 0, 'I': 0, 'R': 0, 'D': 0}"
100,"{'S': 1, 'E': 0, 'I': 0, 'R': 0, 'D': 0}"
101,"{'S': 1, 'E': 0, 'I': 0, 'R': 0, 'D': 0}"
102,"{'S': 1, 'E': 0, 'I': 0, 'R': 0, 'D': 0}"
103,"{'S': 1, 'E': 0, 'I': 0, 'R': 0, 'D': 0}"
104,"{'S': 1, 'E': 0, 'I': 0, 'R': 0, 'D': 0}"
105,"{'S': 1, 'E': 0, 'I': 0, 'R': 0, 'D': 0}"
106,"{'S': 1, 'E': 0, 'I': 0, 'R': 0, 'D': 0}"
107,"{'S': 1, 'E': 0, 'I': 0, 'R': 0, 'D': 0}"
108,"{'S': 1, 'E': 0, 'I': 0, 'R': 0, 'D': 0}"
109,"{'S': 1, 'E': 0, 'I': 0, 'R': 0, 'D': 0}"
110,"{'S': 1, 'E': 0, 'I': 0, 'R': 0, 'D': 0}"
111,"{'S': 1, 'E': 0, 'I': 0, 'R': 0, 'D': 0}"
112,"{'S': 1, 'E': 0, 'I': 0, 'R': 0, 'D': 0}"
113,"{'S': 1, 'E': 0, 'I': 0, 'R': 0, 'D': 0}"
114,"{'S': 1, 'E': 0, 'I': 0, 'R': 0, 'D': 0}"
115,"{'S': 1, 'E': 0, 'I': 0, 'R': 0, 'D': 0}"
116,"{'S': 1, 'E': 0, 'I': 0, 'R': 0, 'D': 0}"
117,"{'S': 1, 'E': 0, 'I': 0, 'R': 0, 'D': 0}"
118,"{'S': 1, 'E': 0, 'I': 0, 'R': 0, 'D': 0}"
119,"{'S': 1, 'E': 0, 'I': 0, 'R': 0, 'D': 0}"
120,"{'S': 1, 'E': 0, 'I': 0, 'R': 0, 'D': 0}"
121,"{'S': 1, 'E': 0, 'I': 0, 'R': 0, 'D': 0}"
122,"{'S': 1, 'E': 0, 'I': 0, 'R': 0, 'D': 0}"
123,"{'S': 1, 'E': 0, 'I': 0, 'R': 0, 'D': 0}"
124,"{'S': 1, 'E': 0, 'I': 0, 'R': 0, 'D': 0}"
125,"{'S': 1, 'E': 0, 'I': 0, 'R': 0, 'D': 0}"
126,"{'S': 1, 'E': 0, 'I': 0, 'R': 0, 'D': 0}"
127,"{'S': 1, 'E': 0, 'I': 0, 'R': 0, 'D': 0}"
128,"{'S': 1, 'E': 0, 'I': 0, 'R': 0, 'D': 0}"
129,"{'S': 1, 'E': 0, 'I': 0, 'R': 0, 'D': 0}"
130,"{'S': 1, 'E': 0, 'I': 0, 'R': 0, 'D': 0}"
131,"{'S': 1, 'E': 0, 'I': 0, 'R': 0, 'D': 0}"
132,"{'S': 1, 'E': 0, 'I': 0, 'R': 0, 'D': 0}"
133,"{'S': 1, 'E': 0, 'I': 0, 'R': 0, 'D': 0}"
134,"{'S': 1, 'E': 0, 'I': 0, 'R': 0, 'D': 0}"
135,"{'S': 1, 'E': 0, 'I': 0, 'R': 0, 'D': 0}"
136,"{'S': 1, 'E': 0, 'I': 0, 'R': 0, 'D': 0}"
137,"{'S': 1, 'E': 0, 'I': 0, 'R': 0, 'D': 0}"
138,"{'S': 1, 'E': 0, 'I': 0, 'R': 0, 'D': 0}"
139,"{'S': 1, 'E': 0, 'I': 0, 'R': 0, 'D': 0}"
140,"{'S': 1, 'E': 0, 'I': 0, 'R': 0, 'D': 0}"
141,"{'S': 1, 'E': 0, 'I': 0, 'R': 0, 'D': 0}"
142,"{'S': 1, 'E': 0, 'I': 0, 'R': 0, 'D': 0}"
143,"{'S': 1, 'E': 0, 'I': 0, 'R': 0, 'D': 0}"
144,"{'S': 1, 'E': 0, 'I': 0, 'R': 0, 'D': 0}"
145,"{'S': 1, 'E': 0, 'I': 0, 'R': 0, 'D': 0}"
146,"{'S': 1, 'E': 0, 'I': 0, 'R': 0, 'D': 0}"
147,"{'S': 1, 'E': 0, 'I': 0, 'R': 0, 'D': 0}"
148,"{'S': 1, 'E': 0, 'I': 0, 'R': 0, 'D': 0}"
149,"{'S': 1, 'E': 0, 'I': 0, 'R': 0, 'D': 0}"
150,"{'S': 1, 'E': 0, 'I': 0, 'R': 0, 'D': 0}"
151,"{'S': 1, 'E': 0, 'I': 0, 'R': 0, 'D': 0}"
152,"{'S': 1, 'E': 0, 'I': 0, 'R': 0, 'D': 0}"
153,"{'S': 1, 'E': 0, 'I': 0, 'R': 0, 'D': 0}"
154,"{'S': 1, 'E': 0, 'I': 0, 'R': 0, 'D': 0}"
155,"{'S': 1, 'E': 0, 'I': 0, 'R': 0, 'D': 0}"
156,"{'S': 1, 'E': 0, 'I': 0, 'R': 0, 'D': 0}"
157,"{'S': 1, 'E': 0, 'I': 0, 'R': 0, 'D': 0}"
158,"{'S': 1, 'E': 0, 'I': 0, 'R': 0, 'D': 0}"
159,"{'S': 1, 'E': 0, 'I': 0, 'R': 0, 'D': 0}"
160,"{'S': 1, 'E': 0, 'I': 0, 'R': 0, 'D': 0}"
161,"{'S': 1, 'E': 0, 'I': 0, 'R': 0, 'D': 0}"
162,"{'S': 1, 'E': 0, 'I': 0, 'R': 0, 'D': 0}"
163,"{'S': 1, 'E': 0, 'I': 0, 'R': 0, 'D': 0}"
164,"{'S': 1, 'E': 0, 'I': 0, 'R': 0, 'D': 0}"
165,"{'S': 1, 'E': 0, 'I': 0, 'R': 0, 'D': 0}"
166,"{'S': 1, 'E': 0, 'I': 0, 'R': 0, 'D': 0}"
167,"{'S': 1, 'E': 0, 'I': 0, 'R': 0, 'D': 0}"
168,"{'S': 1, 'E': 0, 'I': 0, 'R': 0, 'D': 0}"
169,"{'S': 1, 'E': 0, 'I': 0, 'R': 0, 'D': 0}"
170,"{'S': 1, 'E': 0, 'I': 0, 'R': 0, 'D': 0}"
171,"{'S': 1, 'E': 0, 'I': 0, 'R': 0, 'D': 0}"
172,"{'S': 1, 'E': 0, 'I': 0, 'R': 0, 'D': 0}"
173,"{'S': 1, 'E': 0, 'I': 0, 'R': 0, 'D': 0}"
174,"{'S': 1, 'E': 0, 'I': 0, 'R': 0, 'D': 0}"
175,"{'S': 1, 'E': 0, 'I': 0, 'R': 0, 'D': 0}"
176,"{'S': 1, 'E': 0, 'I': 0, 'R': 0, 'D': 0}"
177,"{'S': 1, 'E': 0, 'I': 0, 'R': 0, 'D': 0}"
178,"{'S': 1, 'E': 0, 'I': 0, 'R': 0, 'D': 0}"
179,"{'S': 1, 'E': 0, 'I': 0, 'R': 0, 'D': 0}"
180,"{'S': 1, 'E': 0, 'I': 0, 'R': 0, 'D': 0}"
181,"{'S': 1, 'E': 0, 'I': 0, 'R': 0, 'D': 0}"
182,"{'S': 1, 'E': 0, 'I': 0, 'R': 0, 'D': 0}"
183,"{'S': 1, 'E': 0, 'I': 0, 'R': 0, 'D': 0}"
184,"{'S': 1, 'E': 0, 'I': 0, 'R': 0, 'D': 0}"
185,"{'S': 1, 'E': 0, 'I': 0, 'R': 0, 'D': 0}"
186,"{'S': 1, 'E': 0, 'I': 0, 'R': 0, 'D': 0}"
187,"{'S': 1, 'E': 0, 'I': 0, 'R': 0, 'D': 0}"
188,"{'S': 1, 'E': 0, 'I': 0, 'R': 0, 'D': 0}"
189,"{'S': 1, 'E': 0, 'I': 0, 'R': 0, 'D': 0}"
190,"{'S': 1, 'E': 0, 'I': 0, 'R': 0, 'D': 0}"
191,"{'S': 1, 'E': 0, 'I': 0, 'R': 0, 'D': 0}"
192,"{'S': 1, 'E': 0, 'I': 0, 'R': 0, 'D': 0}"
193,"{'S': 1, 'E': 0, 'I': 0, 'R': 0, 'D': 0}"
194,"{'S': 1, 'E': 0, 'I': 0, 'R': 0, 'D': 0}"
195,"{'S': 1, 'E': 0, 'I': 0, 'R': 0, 'D': 0}"
196,"{'S': 1, 'E': 0, 'I': 0, 'R': 0, 'D': 0}"
197,"{'S': 1, 'E': 0, 'I': 0, 'R': 0, 'D': 0}"
198,"{'S': 1, 'E': 0, 'I': 0, 'R': 0, 'D': 0}"
199,"{'S': 1, 'E': 0, 'I': 0, 'R': 0, 'D': 0}"
200,"{'S': 1, 'E': 0, 'I': 0, 'R': 0, 'D': 0}"
201,"{'S': 1, 'E': 0, 'I': 0, 'R': 0, 'D': 0}"
202,"{'S': 1, 'E': 0, 'I': 0, 'R': 0, 'D': 0}"
203,"{'S': 1, 'E': 0, 'I': 0, 'R': 0, 'D': 0}"
204,"{'S': 1, 'E': 0, 'I': 0, 'R': 0, 'D': 0}"
205,"{'S': 1, 'E': 0, 'I': 0, 'R': 0, 'D': 0}"
206,"{'S': 1, 'E': 0, 'I': 0, 'R': 0, 'D': 0}"
207,"{'S': 1, 'E': 0, 'I': 0, 'R': 0, 'D': 0}"
208,"{'S': 1, 'E': 0, 'I': 0, 'R': 0, 'D': 0}"
209,"{'S': 1, 'E': 0, 'I': 0, 'R': 0, 'D': 0}"
210,"{'S': 1, 'E': 0, 'I': 0, 'R': 0, 'D': 0}"
211,"{'S': 1, 'E': 0, 'I': 0, 'R': 0, 'D': 0}"
212,"{'S': 1, 'E': 0, 'I': 0, 'R': 0, 'D': 0}"
213,"{'S': 1, 'E': 0, 'I': 0, 'R': 0, 'D': 0}"
214,"{'S': 1, 'E': 0, 'I': 0, 'R': 0, 'D': 0}"
215,"{'S': 1, 'E': 0, 'I': 0, 'R': 0, 'D': 0}"
216,"{'S': 1, 'E': 0, 'I': 0, 'R': 0, 'D': 0}"
217,"{'S': 1, 'E': 0, 'I': 0, 'R': 0, 'D': 0}"
218,"{'S': 1, 'E': 0, 'I': 0, 'R': 0, 'D': 0}"
219,"{'S': 1, 'E': 0, 'I': 0, 'R': 0, 'D': 0}"
220,"{'S': 1, 'E': 0, 'I': 0, 'R': 0, 'D': 0}"
221,"{'S': 1, 'E': 0, 'I': 0, 'R': 0, 'D': 0}"
222,"{'S': 1, 'E': 0, 'I': 0, 'R': 0, 'D': 0}"
223,"{'S': 1, 'E': 0, 'I': 0, 'R': 0, 'D': 0}"
224,"{'S': 1, 'E': 0, 'I': 0, 'R': 0, 'D': 0}"
225,"{'S': 1, 'E': 0, 'I': 0, 'R': 0, 'D': 0}"
226,"{'S': 1, 'E': 0, 'I': 0, 'R': 0, 'D': 0}"
227,"{'S': 1, 'E': 0, 'I': 0, 'R': 0, 'D': 0}"
228,"{'S': 1, 'E': 0, 'I': 0, 'R': 0, 'D': 0}"
229,"{'S': 1, 'E': 0, 'I': 0, 'R': 0, 'D': 0}"
230,"{'S': 1, 'E': 0, 'I': 0, 'R': 0, 'D': 0}"
231,"{'S': 1, 'E': 0, 'I': 0, 'R': 0, 'D': 0}"
232,"{'S': 1, 'E': 0, 'I': 0, 'R': 0, 'D': 0}"
233,"{'S': 1, 'E': 0, 'I': 0, 'R': 0, 'D': 0}"
234,"{'S': 1, 'E': 0, 'I': 0, 'R': 0, 'D': 0}"
235,"{'S': 1, 'E': 0, 'I': 0, 'R': 0, 'D': 0}"
236,"{'S': 1, 'E': 0, 'I': 0, 'R': 0, 'D': 0}"
237,"{'S': 1, 'E': 0, 'I': 0, 'R': 0, 'D': 0}"
238,"{'S': 1, 'E': 0, 'I': 0, 'R': 0, 'D': 0}"
239,"{'S': 1, 'E': 0, 'I': 0, 'R': 0, 'D': 0}"
240,"{'S': 1, 'E': 0, 'I': 0, 'R': 0, 'D': 0}"
241,"{'S': 1, 'E': 0, 'I': 0, 'R': 0, 'D': 0}"
242,"{'S': 1, 'E': 0, 'I': 0, 'R': 0, 'D': 0}"
243,"{'S': 1, 'E': 0, 'I': 0, 'R': 0, 'D': 0}"
244,"{'S': 0, 'E': 0, 'I': 1, 'R': 0, 'D': 0}"
245,"{'S': 1, 'E': 0, 'I': 0, 'R': 0, 'D': 0}"
246,"{'S': 1, 'E': 0, 'I': 0, 'R': 0, 'D': 0}"
247,"{'S': 1, 'E': 0, 'I': 0, 'R': 0, 'D': 0}"
248,"{'S': 1, 'E': 0, 'I': 0, 'R': 0, 'D': 0}"
249,"{'S': 1, 'E': 0, 'I': 0, 'R': 0, 'D': 0}"
250,"{'S': 1, 'E': 0, 'I': 0, 'R': 0, 'D': 0}"
251,"{'S': 1, 'E': 0, 'I': 0, 'R': 0, 'D': 0}"
252,"{'S': 1, 'E': 0, 'I': 0, 'R': 0, 'D': 0}"
253,"{'S': 1, 'E': 0, 'I': 0, 'R': 0, 'D': 0}"
254,"{'S': 1, 'E': 0, 'I': 0, 'R': 0, 'D': 0}"
255,"{'S': 1, 'E': 0, 'I': 0, 'R': 0, 'D': 0}"
256,"{'S': 1, 'E': 0, 'I': 0, 'R': 0, 'D': 0}"
257,"{'S': 1, 'E': 0, 'I': 0, 'R': 0, 'D': 0}"
258,"{'S': 1, 'E': 0, 'I': 0, 'R': 0, 'D': 0}"
259,"{'S': 1, 'E': 0, 'I': 0, 'R': 0, 'D': 0}"
260,"{'S': 1, 'E': 0, 'I': 0, 'R': 0, 'D': 0}"
261,"{'S': 1, 'E': 0, 'I': 0, 'R': 0, 'D': 0}"
262,"{'S': 1, 'E': 0, 'I': 0, 'R': 0, 'D': 0}"
263,"{'S': 1, 'E': 0, 'I': 0, 'R': 0, 'D': 0}"
264,"{'S': 1, 'E': 0, 'I': 0, 'R': 0, 'D': 0}"
265,"{'S': 1, 'E': 0, 'I': 0, 'R': 0, 'D': 0}"
266,"{'S': 1, 'E': 0, 'I': 0, 'R': 0, 'D': 0}"
267,"{'S': 1, 'E': 0, 'I': 0, 'R': 0, 'D': 0}"
268,"{'S': 1, 'E': 0, 'I': 0, 'R': 0, 'D': 0}"
269,"{'S': 1, 'E': 0, 'I': 0, 'R': 0, 'D': 0}"
270,"{'S': 1, 'E': 0, 'I': 0, 'R': 0, 'D': 0}"
271,"{'S': 0, 'E': 0, 'I': 1, 'R': 0, 'D': 0}"
272,"{'S': 1, 'E': 0, 'I': 0, 'R': 0, 'D': 0}"
273,"{'S': 1, 'E': 0, 'I': 0, 'R': 0, 'D': 0}"
274,"{'S': 1, 'E': 0, 'I': 0, 'R': 0, 'D': 0}"
275,"{'S': 1, 'E': 0, 'I': 0, 'R': 0, 'D': 0}"
276,"{'S': 1, 'E': 0, 'I': 0, 'R': 0, 'D': 0}"
277,"{'S': 1, 'E': 0, 'I': 0, 'R': 0, 'D': 0}"
278,"{'S': 1, 'E': 0, 'I': 0, 'R': 0, 'D': 0}"
279,"{'S': 0, 'E': 0, 'I': 1, 'R': 0, 'D': 0}"
280,"{'S': 1, 'E': 0, 'I': 0, 'R': 0, 'D': 0}"
281,"{'S': 1, 'E': 0, 'I': 0, 'R': 0, 'D': 0}"
282,"{'S': 1, 'E': 0, 'I': 0, 'R': 0, 'D': 0}"
283,"{'S': 1, 'E': 0, 'I': 0, 'R': 0, 'D': 0}"
284,"{'S': 1, 'E': 0, 'I': 0, 'R': 0, 'D': 0}"
285,"{'S': 1, 'E': 0, 'I': 0, 'R': 0, 'D': 0}"
286,"{'S': 1, 'E': 0, 'I': 0, 'R': 0, 'D': 0}"
287,"{'S': 1, 'E': 0, 'I': 0, 'R': 0, 'D': 0}"
288,"{'S': 1, 'E': 0, 'I': 0, 'R': 0, 'D': 0}"
289,"{'S': 1, 'E': 0, 'I': 0, 'R': 0, 'D': 0}"
290,"{'S': 1, 'E': 0, 'I': 0, 'R': 0, 'D': 0}"
291,"{'S': 1, 'E': 0, 'I': 0, 'R': 0, 'D': 0}"
292,"{'S': 1, 'E': 0, 'I': 0, 'R': 0, 'D': 0}"
293,"{'S': 1, 'E': 0, 'I': 0, 'R': 0, 'D': 0}"
294,"{'S': 1, 'E': 0, 'I': 0, 'R': 0, 'D': 0}"
295,"{'S': 1, 'E': 0, 'I': 0, 'R': 0, 'D': 0}"
296,"{'S': 1, 'E': 0, 'I': 0, 'R': 0, 'D': 0}"
297,"{'S': 1, 'E': 0, 'I': 0, 'R': 0, 'D': 0}"
298,"{'S': 1, 'E': 0, 'I': 0, 'R': 0, 'D': 0}"
299,"{'S': 1, 'E': 0, 'I': 0, 'R': 0, 'D': 0}"
300,"{'S': 1, 'E': 0, 'I': 0, 'R': 0, 'D': 0}"
301,"{'S': 1, 'E': 0, 'I': 0, 'R': 0, 'D': 0}"
302,"{'S': 1, 'E': 0, 'I': 0, 'R': 0, 'D': 0}"
303,"{'S': 1, 'E': 0, 'I': 0, 'R': 0, 'D': 0}"
304,"{'S': 1, 'E': 0, 'I': 0, 'R': 0, 'D': 0}"
305,"{'S': 1, 'E': 0, 'I': 0, 'R': 0, 'D': 0}"
306,"{'S': 1, 'E': 0, 'I': 0, 'R': 0, 'D': 0}"
307,"{'S': 1, 'E': 0, 'I': 0, 'R': 0, 'D': 0}"
308,"{'S': 1, 'E': 0, 'I': 0, 'R': 0, 'D': 0}"
309,"{'S': 1, 'E': 0, 'I': 0, 'R': 0, 'D': 0}"
310,"{'S': 1, 'E': 0, 'I': 0, 'R': 0, 'D': 0}"
311,"{'S': 1, 'E': 0, 'I': 0, 'R': 0, 'D': 0}"
312,"{'S': 1, 'E': 0, 'I': 0, 'R': 0, 'D': 0}"
313,"{'S': 1, 'E': 0, 'I': 0, 'R': 0, 'D': 0}"
314,"{'S': 1, 'E': 0, 'I': 0, 'R': 0, 'D': 0}"
315,"{'S': 1, 'E': 0, 'I': 0, 'R': 0, 'D': 0}"
316,"{'S': 1, 'E': 0, 'I': 0, 'R': 0, 'D': 0}"
317,"{'S': 1, 'E': 0, 'I': 0, 'R': 0, 'D': 0}"
318,"{'S': 1, 'E': 0, 'I': 0, 'R': 0, 'D': 0}"
319,"{'S': 1, 'E': 0, 'I': 0, 'R': 0, 'D': 0}"
320,"{'S': 1, 'E': 0, 'I': 0, 'R': 0, 'D': 0}"
321,"{'S': 1, 'E': 0, 'I': 0, 'R': 0, 'D': 0}"
322,"{'S': 1, 'E': 0, 'I': 0, 'R': 0, 'D': 0}"
323,"{'S': 1, 'E': 0, 'I': 0, 'R': 0, 'D': 0}"
324,"{'S': 1, 'E': 0, 'I': 0, 'R': 0, 'D': 0}"
325,"{'S': 1, 'E': 0, 'I': 0, 'R': 0, 'D': 0}"
326,"{'S': 1, 'E': 0, 'I': 0, 'R': 0, 'D': 0}"
327,"{'S': 1, 'E': 0, 'I': 0, 'R': 0, 'D': 0}"
328,"{'S': 1, 'E': 0, 'I': 0, 'R': 0, 'D': 0}"
329,"{'S': 1, 'E': 0, 'I': 0, 'R': 0, 'D': 0}"
330,"{'S': 1, 'E': 0, 'I': 0, 'R': 0, 'D': 0}"
331,"{'S': 1, 'E': 0, 'I': 0, 'R': 0, 'D': 0}"
332,"{'S': 1, 'E': 0, 'I': 0, 'R': 0, 'D': 0}"
333,"{'S': 1, 'E': 0, 'I': 0, 'R': 0, 'D': 0}"
334,"{'S': 1, 'E': 0, 'I': 0, 'R': 0, 'D': 0}"
335,"{'S': 1, 'E': 0, 'I': 0, 'R': 0, 'D': 0}"
336,"{'S': 1, 'E': 0, 'I': 0, 'R': 0, 'D': 0}"
337,"{'S': 1, 'E': 0, 'I': 0, 'R': 0, 'D': 0}"
338,"{'S': 1, 'E': 0, 'I': 0, 'R': 0, 'D': 0}"
339,"{'S': 1, 'E': 0, 'I': 0, 'R': 0, 'D': 0}"
340,"{'S': 1, 'E': 0, 'I': 0, 'R': 0, 'D': 0}"
341,"{'S': 1, 'E': 0, 'I': 0, 'R': 0, 'D': 0}"
342,"{'S': 1, 'E': 0, 'I': 0, 'R': 0, 'D': 0}"
343,"{'S': 1, 'E': 0, 'I': 0, 'R': 0, 'D': 0}"
344,"{'S': 1, 'E': 0, 'I': 0, 'R': 0, 'D': 0}"
345,"{'S': 1, 'E': 0, 'I': 0, 'R': 0, 'D': 0}"
346,"{'S': 1, 'E': 0, 'I': 0, 'R': 0, 'D': 0}"
347,"{'S': 1, 'E': 0, 'I': 0, 'R': 0, 'D': 0}"
348,"{'S': 1, 'E': 0, 'I': 0, 'R': 0, 'D': 0}"
349,"{'S': 1, 'E': 0, 'I': 0, 'R': 0, 'D': 0}"
350,"{'S': 1, 'E': 0, 'I': 0, 'R': 0, 'D': 0}"
351,"{'S': 1, 'E': 0, 'I': 0, 'R': 0, 'D': 0}"
352,"{'S': 1, 'E': 0, 'I': 0, 'R': 0, 'D': 0}"
353,"{'S': 1, 'E': 0, 'I': 0, 'R': 0, 'D': 0}"
354,"{'S': 1, 'E': 0, 'I': 0, 'R': 0, 'D': 0}"
355,"{'S': 1, 'E': 0, 'I': 0, 'R': 0, 'D': 0}"
356,"{'S': 1, 'E': 0, 'I': 0, 'R': 0, 'D': 0}"
357,"{'S': 1, 'E': 0, 'I': 0, 'R': 0, 'D': 0}"
358,"{'S': 1, 'E': 0, 'I': 0, 'R': 0, 'D': 0}"
359,"{'S': 1, 'E': 0, 'I': 0, 'R': 0, 'D': 0}"
360,"{'S': 1, 'E': 0, 'I': 0, 'R': 0, 'D': 0}"
361,"{'S': 1, 'E': 0, 'I': 0, 'R': 0, 'D': 0}"
362,"{'S': 1, 'E': 0, 'I': 0, 'R': 0, 'D': 0}"
363,"{'S': 1, 'E': 0, 'I': 0, 'R': 0, 'D': 0}"
364,"{'S': 1, 'E': 0, 'I': 0, 'R': 0, 'D': 0}"
365,"{'S': 1, 'E': 0, 'I': 0, 'R': 0, 'D': 0}"
366,"{'S': 1, 'E': 0, 'I': 0, 'R': 0, 'D': 0}"
367,"{'S': 1, 'E': 0, 'I': 0, 'R': 0, 'D': 0}"
368,"{'S': 1, 'E': 0, 'I': 0, 'R': 0, 'D': 0}"
369,"{'S': 1, 'E': 0, 'I': 0, 'R': 0, 'D': 0}"
370,"{'S': 1, 'E': 0, 'I': 0, 'R': 0, 'D': 0}"
371,"{'S': 1, 'E': 0, 'I': 0, 'R': 0, 'D': 0}"
372,"{'S': 1, 'E': 0, 'I': 0, 'R': 0, 'D': 0}"
373,"{'S': 1, 'E': 0, 'I': 0, 'R': 0, 'D': 0}"
374,"{'S': 1, 'E': 0, 'I': 0, 'R': 0, 'D': 0}"
375,"{'S': 1, 'E': 0, 'I': 0, 'R': 0, 'D': 0}"
376,"{'S': 1, 'E': 0, 'I': 0, 'R': 0, 'D': 0}"
377,"{'S': 1, 'E': 0, 'I': 0, 'R': 0, 'D': 0}"
378,"{'S': 1, 'E': 0, 'I': 0, 'R': 0, 'D': 0}"
379,"{'S': 1, 'E': 0, 'I': 0, 'R': 0, 'D': 0}"
380,"{'S': 1, 'E': 0, 'I': 0, 'R': 0, 'D': 0}"
381,"{'S': 1, 'E': 0, 'I': 0, 'R': 0, 'D': 0}"
382,"{'S': 1, 'E': 0, 'I': 0, 'R': 0, 'D': 0}"
383,"{'S': 1, 'E': 0, 'I': 0, 'R': 0, 'D': 0}"
384,"{'S': 1, 'E': 0, 'I': 0, 'R': 0, 'D': 0}"
385,"{'S': 1, 'E': 0, 'I': 0, 'R': 0, 'D': 0}"
386,"{'S': 1, 'E': 0, 'I': 0, 'R': 0, 'D': 0}"
387,"{'S': 1, 'E': 0, 'I': 0, 'R': 0, 'D': 0}"
388,"{'S': 1, 'E': 0, 'I': 0, 'R': 0, 'D': 0}"
389,"{'S': 1, 'E': 0, 'I': 0, 'R': 0, 'D': 0}"
390,"{'S': 1, 'E': 0, 'I': 0, 'R': 0, 'D': 0}"
391,"{'S': 1, 'E': 0, 'I': 0, 'R': 0, 'D': 0}"
392,"{'S': 1, 'E': 0, 'I': 0, 'R': 0, 'D': 0}"
393,"{'S': 1, 'E': 0, 'I': 0, 'R': 0, 'D': 0}"
394,"{'S': 1, 'E': 0, 'I': 0, 'R': 0, 'D': 0}"
395,"{'S': 1, 'E': 0, 'I': 0, 'R': 0, 'D': 0}"
396,"{'S': 1, 'E': 0, 'I': 0, 'R': 0, 'D': 0}"
397,"{'S': 1, 'E': 0, 'I': 0, 'R': 0, 'D': 0}"
398,"{'S': 1, 'E': 0, 'I': 0, 'R': 0, 'D': 0}"
399,"{'S': 1, 'E': 0, 'I': 0, 'R': 0, 'D': 0}"
400,"{'S': 1, 'E': 0, 'I': 0, 'R': 0, 'D': 0}"
401,"{'S': 1, 'E': 0, 'I': 0, 'R': 0, 'D': 0}"
402,"{'S': 1, 'E': 0, 'I': 0, 'R': 0, 'D': 0}"
403,"{'S': 1, 'E': 0, 'I': 0, 'R': 0, 'D': 0}"
404,"{'S': 1, 'E': 0, 'I': 0, 'R': 0, 'D': 0}"
405,"{'S': 1, 'E': 0, 'I': 0, 'R': 0, 'D': 0}"
406,"{'S': 1, 'E': 0, 'I': 0, 'R': 0, 'D': 0}"
407,"{'S': 1, 'E': 0, 'I': 0, 'R': 0, 'D': 0}"
408,"{'S': 1, 'E': 0, 'I': 0, 'R': 0, 'D': 0}"
409,"{'S': 1, 'E': 0, 'I': 0, 'R': 0, 'D': 0}"
410,"{'S': 1, 'E': 0, 'I': 0, 'R': 0, 'D': 0}"
411,"{'S': 1, 'E': 0, 'I': 0, 'R': 0, 'D': 0}"
412,"{'S': 1, 'E': 0, 'I': 0, 'R': 0, 'D': 0}"
413,"{'S': 1, 'E': 0, 'I': 0, 'R': 0, 'D': 0}"
414,"{'S': 1, 'E': 0, 'I': 0, 'R': 0, 'D': 0}"
415,"{'S': 1, 'E': 0, 'I': 0, 'R': 0, 'D': 0}"
416,"{'S': 1, 'E': 0, 'I': 0, 'R': 0, 'D': 0}"
417,"{'S': 1, 'E': 0, 'I': 0, 'R': 0, 'D': 0}"
418,"{'S': 1, 'E': 0, 'I': 0, 'R': 0, 'D': 0}"
419,"{'S': 1, 'E': 0, 'I': 0, 'R': 0, 'D': 0}"
420,"{'S': 1, 'E': 0, 'I': 0, 'R': 0, 'D': 0}"
421,"{'S': 1, 'E': 0, 'I': 0, 'R': 0, 'D': 0}"
422,"{'S': 1, 'E': 0, 'I': 0, 'R': 0, 'D': 0}"
423,"{'S': 1, 'E': 0, 'I': 0, 'R': 0, 'D': 0}"
424,"{'S': 1, 'E': 0, 'I': 0, 'R': 0, 'D': 0}"
425,"{'S': 1, 'E': 0, 'I': 0, 'R': 0, 'D': 0}"
426,"{'S': 1, 'E': 0, 'I': 0, 'R': 0, 'D': 0}"
427,"{'S': 1, 'E': 0, 'I': 0, 'R': 0, 'D': 0}"
428,"{'S': 1, 'E': 0, 'I': 0, 'R': 0, 'D': 0}"
429,"{'S': 1, 'E': 0, 'I': 0, 'R': 0, 'D': 0}"
430,"{'S': 1, 'E': 0, 'I': 0, 'R': 0, 'D': 0}"
431,"{'S': 1, 'E': 0, 'I': 0, 'R': 0, 'D': 0}"
432,"{'S': 1, 'E': 0, 'I': 0, 'R': 0, 'D': 0}"
433,"{'S': 1, 'E': 0, 'I': 0, 'R': 0, 'D': 0}"
434,"{'S': 1, 'E': 0, 'I': 0, 'R': 0, 'D': 0}"
435,"{'S': 1, 'E': 0, 'I': 0, 'R': 0, 'D': 0}"
436,"{'S': 1, 'E': 0, 'I': 0, 'R': 0, 'D': 0}"
437,"{'S': 1, 'E': 0, 'I': 0, 'R': 0, 'D': 0}"
438,"{'S': 1, 'E': 0, 'I': 0, 'R': 0, 'D': 0}"
439,"{'S': 1, 'E': 0, 'I': 0, 'R': 0, 'D': 0}"
440,"{'S': 1, 'E': 0, 'I': 0, 'R': 0, 'D': 0}"
441,"{'S': 1, 'E': 0, 'I': 0, 'R': 0, 'D': 0}"
442,"{'S': 1, 'E': 0, 'I': 0, 'R': 0, 'D': 0}"
443,"{'S': 1, 'E': 0, 'I': 0, 'R': 0, 'D': 0}"
444,"{'S': 1, 'E': 0, 'I': 0, 'R': 0, 'D': 0}"
445,"{'S': 1, 'E': 0, 'I': 0, 'R': 0, 'D': 0}"
446,"{'S': 1, 'E': 0, 'I': 0, 'R': 0, 'D': 0}"
447,"{'S': 1, 'E': 0, 'I': 0, 'R': 0, 'D': 0}"
448,"{'S': 1, 'E': 0, 'I': 0, 'R': 0, 'D': 0}"
449,"{'S': 1, 'E': 0, 'I': 0, 'R': 0, 'D': 0}"
450,"{'S': 1, 'E': 0, 'I': 0, 'R': 0, 'D': 0}"
451,"{'S': 1, 'E': 0, 'I': 0, 'R': 0, 'D': 0}"
452,"{'S': 1, 'E': 0, 'I': 0, 'R': 0, 'D': 0}"
453,"{'S': 1, 'E': 0, 'I': 0, 'R': 0, 'D': 0}"
454,"{'S': 1, 'E': 0, 'I': 0, 'R': 0, 'D': 0}"
455,"{'S': 1, 'E': 0, 'I': 0, 'R': 0, 'D': 0}"
456,"{'S': 1, 'E': 0, 'I': 0, 'R': 0, 'D': 0}"
457,"{'S': 1, 'E': 0, 'I': 0, 'R': 0, 'D': 0}"
458,"{'S': 1, 'E': 0, 'I': 0, 'R': 0, 'D': 0}"
459,"{'S': 1, 'E': 0, 'I': 0, 'R': 0, 'D': 0}"
460,"{'S': 1, 'E': 0, 'I': 0, 'R': 0, 'D': 0}"
461,"{'S': 1, 'E': 0, 'I': 0, 'R': 0, 'D': 0}"
462,"{'S': 1, 'E': 0, 'I': 0, 'R': 0, 'D': 0}"
463,"{'S': 1, 'E': 0, 'I': 0, 'R': 0, 'D': 0}"
464,"{'S': 1, 'E': 0, 'I': 0, 'R': 0, 'D': 0}"
465,"{'S': 1, 'E': 0, 'I': 0, 'R': 0, 'D': 0}"
466,"{'S': 1, 'E': 0, 'I': 0, 'R': 0, 'D': 0}"
467,"{'S': 1, 'E': 0, 'I': 0, 'R': 0, 'D': 0}"
468,"{'S': 1, 'E': 0, 'I': 0, 'R': 0, 'D': 0}"
469,"{'S': 1, 'E': 0, 'I': 0, 'R': 0, 'D': 0}"
470,"{'S': 1, 'E': 0, 'I': 0, 'R': 0, 'D': 0}"
471,"{'S': 1, 'E': 0, 'I': 0, 'R': 0, 'D': 0}"
472,"{'S': 1, 'E': 0, 'I': 0, 'R': 0, 'D': 0}"
473,"{'S': 1, 'E': 0, 'I': 0, 'R': 0, 'D': 0}"
474,"{'S': 1, 'E': 0, 'I': 0, 'R': 0, 'D': 0}"
475,"{'S': 1, 'E': 0, 'I': 0, 'R': 0, 'D': 0}"
476,"{'S': 1, 'E': 0, 'I': 0, 'R': 0, 'D': 0}"
477,"{'S': 1, 'E': 0, 'I': 0, 'R': 0, 'D': 0}"
478,"{'S': 1, 'E': 0, 'I': 0, 'R': 0, 'D': 0}"
479,"{'S': 1, 'E': 0, 'I': 0, 'R': 0, 'D': 0}"
480,"{'S': 1, 'E': 0, 'I': 0, 'R': 0, 'D': 0}"
481,"{'S': 1, 'E': 0, 'I': 0, 'R': 0, 'D': 0}"
482,"{'S': 1, 'E': 0, 'I': 0, 'R': 0, 'D': 0}"
483,"{'S': 1, 'E': 0, 'I': 0, 'R': 0, 'D': 0}"
484,"{'S': 1, 'E': 0, 'I': 0, 'R': 0, 'D': 0}"
485,"{'S': 1, 'E': 0, 'I': 0, 'R': 0, 'D': 0}"
486,"{'S': 1, 'E': 0, 'I': 0, 'R': 0, 'D': 0}"
487,"{'S': 1, 'E': 0, 'I': 0, 'R': 0, 'D': 0}"
488,"{'S': 1, 'E': 0, 'I': 0, 'R': 0, 'D': 0}"
489,"{'S': 1, 'E': 0, 'I': 0, 'R': 0, 'D': 0}"
490,"{'S': 1, 'E': 0, 'I': 0, 'R': 0, 'D': 0}"
491,"{'S': 1, 'E': 0, 'I': 0, 'R': 0, 'D': 0}"
492,"{'S': 1, 'E': 0, 'I': 0, 'R': 0, 'D': 0}"
493,"{'S': 1, 'E': 0, 'I': 0, 'R': 0, 'D': 0}"
494,"{'S': 1, 'E': 0, 'I': 0, 'R': 0, 'D': 0}"
495,"{'S': 1, 'E': 0, 'I': 0, 'R': 0, 'D': 0}"
496,"{'S': 1, 'E': 0, 'I': 0, 'R': 0, 'D': 0}"
497,"{'S': 1, 'E': 0, 'I': 0, 'R': 0, 'D': 0}"
498,"{'S': 1, 'E': 0, 'I': 0, 'R': 0, 'D': 0}"
499,"{'S': 1, 'E': 0, 'I': 0, 'R': 0, 'D': 0}"
500,"{'S': 1, 'E': 0, 'I': 0, 'R': 0, 'D': 0}"
501,"{'S': 1, 'E': 0, 'I': 0, 'R': 0, 'D': 0}"
502,"{'S': 1, 'E': 0, 'I': 0, 'R': 0, 'D': 0}"
503,"{'S': 1, 'E': 0, 'I': 0, 'R': 0, 'D': 0}"
504,"{'S': 1, 'E': 0, 'I': 0, 'R': 0, 'D': 0}"
505,"{'S': 1, 'E': 0, 'I': 0, 'R': 0, 'D': 0}"
506,"{'S': 1, 'E': 0, 'I': 0, 'R': 0, 'D': 0}"
507,"{'S': 1, 'E': 0, 'I': 0, 'R': 0, 'D': 0}"
508,"{'S': 1, 'E': 0, 'I': 0, 'R': 0, 'D': 0}"
509,"{'S': 1, 'E': 0, 'I': 0, 'R': 0, 'D': 0}"
510,"{'S': 1, 'E': 0, 'I': 0, 'R': 0, 'D': 0}"
511,"{'S': 1, 'E': 0, 'I': 0, 'R': 0, 'D': 0}"
512,"{'S': 1, 'E': 0, 'I': 0, 'R': 0, 'D': 0}"
513,"{'S': 1, 'E': 0, 'I': 0, 'R': 0, 'D': 0}"
514,"{'S': 1, 'E': 0, 'I': 0, 'R': 0, 'D': 0}"
515,"{'S': 1, 'E': 0, 'I': 0, 'R': 0, 'D': 0}"
516,"{'S': 1, 'E': 0, 'I': 0, 'R': 0, 'D': 0}"
517,"{'S': 1, 'E': 0, 'I': 0, 'R': 0, 'D': 0}"
518,"{'S': 1, 'E': 0, 'I': 0, 'R': 0, 'D': 0}"
519,"{'S': 1, 'E': 0, 'I': 0, 'R': 0, 'D': 0}"
520,"{'S': 1, 'E': 0, 'I': 0, 'R': 0, 'D': 0}"
521,"{'S': 1, 'E': 0, 'I': 0, 'R': 0, 'D': 0}"
522,"{'S': 1, 'E': 0, 'I': 0, 'R': 0, 'D': 0}"
523,"{'S': 1, 'E': 0, 'I': 0, 'R': 0, 'D': 0}"
524,"{'S': 1, 'E': 0, 'I': 0, 'R': 0, 'D': 0}"
525,"{'S': 1, 'E': 0, 'I': 0, 'R': 0, 'D': 0}"
526,"{'S': 1, 'E': 0, 'I': 0, 'R': 0, 'D': 0}"
527,"{'S': 1, 'E': 0, 'I': 0, 'R': 0, 'D': 0}"
528,"{'S': 1, 'E': 0, 'I': 0, 'R': 0, 'D': 0}"
529,"{'S': 1, 'E': 0, 'I': 0, 'R': 0, 'D': 0}"
530,"{'S': 1, 'E': 0, 'I': 0, 'R': 0, 'D': 0}"
531,"{'S': 1, 'E': 0, 'I': 0, 'R': 0, 'D': 0}"
532,"{'S': 1, 'E': 0, 'I': 0, 'R': 0, 'D': 0}"
533,"{'S': 1, 'E': 0, 'I': 0, 'R': 0, 'D': 0}"
534,"{'S': 1, 'E': 0, 'I': 0, 'R': 0, 'D': 0}"
535,"{'S': 1, 'E': 0, 'I': 0, 'R': 0, 'D': 0}"
536,"{'S': 1, 'E': 0, 'I': 0, 'R': 0, 'D': 0}"
537,"{'S': 1, 'E': 0, 'I': 0, 'R': 0, 'D': 0}"
538,"{'S': 1, 'E': 0, 'I': 0, 'R': 0, 'D': 0}"
539,"{'S': 1, 'E': 0, 'I': 0, 'R': 0, 'D': 0}"
540,"{'S': 1, 'E': 0, 'I': 0, 'R': 0, 'D': 0}"
541,"{'S': 1, 'E': 0, 'I': 0, 'R': 0, 'D': 0}"
542,"{'S': 1, 'E': 0, 'I': 0, 'R': 0, 'D': 0}"
543,"{'S': 1, 'E': 0, 'I': 0, 'R': 0, 'D': 0}"
544,"{'S': 1, 'E': 0, 'I': 0, 'R': 0, 'D': 0}"
545,"{'S': 1, 'E': 0, 'I': 0, 'R': 0, 'D': 0}"
546,"{'S': 1, 'E': 0, 'I': 0, 'R': 0, 'D': 0}"
547,"{'S': 1, 'E': 0, 'I': 0, 'R': 0, 'D': 0}"
548,"{'S': 1, 'E': 0, 'I': 0, 'R': 0, 'D': 0}"
549,"{'S': 1, 'E': 0, 'I': 0, 'R': 0, 'D': 0}"
550,"{'S': 1, 'E': 0, 'I': 0, 'R': 0, 'D': 0}"
551,"{'S': 1, 'E': 0, 'I': 0, 'R': 0, 'D': 0}"
552,"{'S': 1, 'E': 0, 'I': 0, 'R': 0, 'D': 0}"
553,"{'S': 1, 'E': 0, 'I': 0, 'R': 0, 'D': 0}"
554,"{'S': 1, 'E': 0, 'I': 0, 'R': 0, 'D': 0}"
555,"{'S': 1, 'E': 0, 'I': 0, 'R': 0, 'D': 0}"
556,"{'S': 1, 'E': 0, 'I': 0, 'R': 0, 'D': 0}"
557,"{'S': 1, 'E': 0, 'I': 0, 'R': 0, 'D': 0}"
558,"{'S': 1, 'E': 0, 'I': 0, 'R': 0, 'D': 0}"
559,"{'S': 1, 'E': 0, 'I': 0, 'R': 0, 'D': 0}"
560,"{'S': 1, 'E': 0, 'I': 0, 'R': 0, 'D': 0}"
561,"{'S': 1, 'E': 0, 'I': 0, 'R': 0, 'D': 0}"
562,"{'S': 1, 'E': 0, 'I': 0, 'R': 0, 'D': 0}"
563,"{'S': 1, 'E': 0, 'I': 0, 'R': 0, 'D': 0}"
564,"{'S': 1, 'E': 0, 'I': 0, 'R': 0, 'D': 0}"
565,"{'S': 1, 'E': 0, 'I': 0, 'R': 0, 'D': 0}"
566,"{'S': 1, 'E': 0, 'I': 0, 'R': 0, 'D': 0}"
567,"{'S': 1, 'E': 0, 'I': 0, 'R': 0, 'D': 0}"
568,"{'S': 1, 'E': 0, 'I': 0, 'R': 0, 'D': 0}"
569,"{'S': 1, 'E': 0, 'I': 0, 'R': 0, 'D': 0}"
570,"{'S': 1, 'E': 0, 'I': 0, 'R': 0, 'D': 0}"
571,"{'S': 1, 'E': 0, 'I': 0, 'R': 0, 'D': 0}"
572,"{'S': 1, 'E': 0, 'I': 0, 'R': 0, 'D': 0}"
573,"{'S': 1, 'E': 0, 'I': 0, 'R': 0, 'D': 0}"
574,"{'S': 1, 'E': 0, 'I': 0, 'R': 0, 'D': 0}"
575,"{'S': 1, 'E': 0, 'I': 0, 'R': 0, 'D': 0}"
576,"{'S': 1, 'E': 0, 'I': 0, 'R': 0, 'D': 0}"
577,"{'S': 1, 'E': 0, 'I': 0, 'R': 0, 'D': 0}"
578,"{'S': 1, 'E': 0, 'I': 0, 'R': 0, 'D': 0}"
579,"{'S': 1, 'E': 0, 'I': 0, 'R': 0, 'D': 0}"
580,"{'S': 1, 'E': 0, 'I': 0, 'R': 0, 'D': 0}"
581,"{'S': 1, 'E': 0, 'I': 0, 'R': 0, 'D': 0}"
582,"{'S': 1, 'E': 0, 'I': 0, 'R': 0, 'D': 0}"
583,"{'S': 1, 'E': 0, 'I': 0, 'R': 0, 'D': 0}"
584,"{'S': 1, 'E': 0, 'I': 0, 'R': 0, 'D': 0}"
585,"{'S': 1, 'E': 0, 'I': 0, 'R': 0, 'D': 0}"
586,"{'S': 1, 'E': 0, 'I': 0, 'R': 0, 'D': 0}"
587,"{'S': 1, 'E': 0, 'I': 0, 'R': 0, 'D': 0}"
588,"{'S': 1, 'E': 0, 'I': 0, 'R': 0, 'D': 0}"
589,"{'S': 1, 'E': 0, 'I': 0, 'R': 0, 'D': 0}"
590,"{'S': 1, 'E': 0, 'I': 0, 'R': 0, 'D': 0}"
591,"{'S': 1, 'E': 0, 'I': 0, 'R': 0, 'D': 0}"
592,"{'S': 1, 'E': 0, 'I': 0, 'R': 0, 'D': 0}"
593,"{'S': 1, 'E': 0, 'I': 0, 'R': 0, 'D': 0}"
594,"{'S': 1, 'E': 0, 'I': 0, 'R': 0, 'D': 0}"
595,"{'S': 1, 'E': 0, 'I': 0, 'R': 0, 'D': 0}"
596,"{'S': 1, 'E': 0, 'I': 0, 'R': 0, 'D': 0}"
597,"{'S': 1, 'E': 0, 'I': 0, 'R': 0, 'D': 0}"
598,"{'S': 1, 'E': 0, 'I': 0, 'R': 0, 'D': 0}"
599,"{'S': 1, 'E': 0, 'I': 0, 'R': 0, 'D': 0}"
600,"{'S': 1, 'E': 0, 'I': 0, 'R': 0, 'D': 0}"
601,"{'S': 1, 'E': 0, 'I': 0, 'R': 0, 'D': 0}"
602,"{'S': 1, 'E': 0, 'I': 0, 'R': 0, 'D': 0}"
603,"{'S': 1, 'E': 0, 'I': 0, 'R': 0, 'D': 0}"
604,"{'S': 1, 'E': 0, 'I': 0, 'R': 0, 'D': 0}"
605,"{'S': 1, 'E': 0, 'I': 0, 'R': 0, 'D': 0}"
606,"{'S': 1, 'E': 0, 'I': 0, 'R': 0, 'D': 0}"
607,"{'S': 1, 'E': 0, 'I': 0, 'R': 0, 'D': 0}"
608,"{'S': 1, 'E': 0, 'I': 0, 'R': 0, 'D': 0}"
609,"{'S': 1, 'E': 0, 'I': 0, 'R': 0, 'D': 0}"
610,"{'S': 1, 'E': 0, 'I': 0, 'R': 0, 'D': 0}"
611,"{'S': 1, 'E': 0, 'I': 0, 'R': 0, 'D': 0}"
612,"{'S': 1, 'E': 0, 'I': 0, 'R': 0, 'D': 0}"
613,"{'S': 1, 'E': 0, 'I': 0, 'R': 0, 'D': 0}"
614,"{'S': 1, 'E': 0, 'I': 0, 'R': 0, 'D': 0}"
615,"{'S': 1, 'E': 0, 'I': 0, 'R': 0, 'D': 0}"
616,"{'S': 1, 'E': 0, 'I': 0, 'R': 0, 'D': 0}"
617,"{'S': 1, 'E': 0, 'I': 0, 'R': 0, 'D': 0}"
618,"{'S': 1, 'E': 0, 'I': 0, 'R': 0, 'D': 0}"
619,"{'S': 1, 'E': 0, 'I': 0, 'R': 0, 'D': 0}"
620,"{'S': 1, 'E': 0, 'I': 0, 'R': 0, 'D': 0}"
621,"{'S': 1, 'E': 0, 'I': 0, 'R': 0, 'D': 0}"
622,"{'S': 1, 'E': 0, 'I': 0, 'R': 0, 'D': 0}"
623,"{'S': 1, 'E': 0, 'I': 0, 'R': 0, 'D': 0}"
624,"{'S': 1, 'E': 0, 'I': 0, 'R': 0, 'D': 0}"
625,"{'S': 0, 'E': 0, 'I': 1, 'R': 0, 'D': 0}"
626,"{'S': 1, 'E': 0, 'I': 0, 'R': 0, 'D': 0}"
627,"{'S': 1, 'E': 0, 'I': 0, 'R': 0, 'D': 0}"
628,"{'S': 1, 'E': 0, 'I': 0, 'R': 0, 'D': 0}"
629,"{'S': 1, 'E': 0, 'I': 0, 'R': 0, 'D': 0}"
630,"{'S': 1, 'E': 0, 'I': 0, 'R': 0, 'D': 0}"
631,"{'S': 1, 'E': 0, 'I': 0, 'R': 0, 'D': 0}"
632,"{'S': 1, 'E': 0, 'I': 0, 'R': 0, 'D': 0}"
633,"{'S': 1, 'E': 0, 'I': 0, 'R': 0, 'D': 0}"
634,"{'S': 1, 'E': 0, 'I': 0, 'R': 0, 'D': 0}"
635,"{'S': 1, 'E': 0, 'I': 0, 'R': 0, 'D': 0}"
636,"{'S': 1, 'E': 0, 'I': 0, 'R': 0, 'D': 0}"
637,"{'S': 0, 'E': 0, 'I': 1, 'R': 0, 'D': 0}"
638,"{'S': 1, 'E': 0, 'I': 0, 'R': 0, 'D': 0}"
639,"{'S': 1, 'E': 0, 'I': 0, 'R': 0, 'D': 0}"
640,"{'S': 1, 'E': 0, 'I': 0, 'R': 0, 'D': 0}"
641,"{'S': 1, 'E': 0, 'I': 0, 'R': 0, 'D': 0}"
642,"{'S': 1, 'E': 0, 'I': 0, 'R': 0, 'D': 0}"
643,"{'S': 1, 'E': 0, 'I': 0, 'R': 0, 'D': 0}"
644,"{'S': 1, 'E': 0, 'I': 0, 'R': 0, 'D': 0}"
645,"{'S': 1, 'E': 0, 'I': 0, 'R': 0, 'D': 0}"
646,"{'S': 1, 'E': 0, 'I': 0, 'R': 0, 'D': 0}"
647,"{'S': 1, 'E': 0, 'I': 0, 'R': 0, 'D': 0}"
648,"{'S': 1, 'E': 0, 'I': 0, 'R': 0, 'D': 0}"
649,"{'S': 1, 'E': 0, 'I': 0, 'R': 0, 'D': 0}"
650,"{'S': 1, 'E': 0, 'I': 0, 'R': 0, 'D': 0}"
651,"{'S': 1, 'E': 0, 'I': 0, 'R': 0, 'D': 0}"
652,"{'S': 1, 'E': 0, 'I': 0, 'R': 0, 'D': 0}"
653,"{'S': 1, 'E': 0, 'I': 0, 'R': 0, 'D': 0}"
654,"{'S': 1, 'E': 0, 'I': 0, 'R': 0, 'D': 0}"
655,"{'S': 1, 'E': 0, 'I': 0, 'R': 0, 'D': 0}"
656,"{'S': 1, 'E': 0, 'I': 0, 'R': 0, 'D': 0}"
657,"{'S': 1, 'E': 0, 'I': 0, 'R': 0, 'D': 0}"
658,"{'S': 1, 'E': 0, 'I': 0, 'R': 0, 'D': 0}"
659,"{'S': 1, 'E': 0, 'I': 0, 'R': 0, 'D': 0}"
660,"{'S': 1, 'E': 0, 'I': 0, 'R': 0, 'D': 0}"
661,"{'S': 1, 'E': 0, 'I': 0, 'R': 0, 'D': 0}"
662,"{'S': 1, 'E': 0, 'I': 0, 'R': 0, 'D': 0}"
663,"{'S': 1, 'E': 0, 'I': 0, 'R': 0, 'D': 0}"
664,"{'S': 1, 'E': 0, 'I': 0, 'R': 0, 'D': 0}"
665,"{'S': 1, 'E': 0, 'I': 0, 'R': 0, 'D': 0}"
666,"{'S': 1, 'E': 0, 'I': 0, 'R': 0, 'D': 0}"
667,"{'S': 1, 'E': 0, 'I': 0, 'R': 0, 'D': 0}"
668,"{'S': 1, 'E': 0, 'I': 0, 'R': 0, 'D': 0}"
669,"{'S': 1, 'E': 0, 'I': 0, 'R': 0, 'D': 0}"
670,"{'S': 1, 'E': 0, 'I': 0, 'R': 0, 'D': 0}"
671,"{'S': 1, 'E': 0, 'I': 0, 'R': 0, 'D': 0}"
672,"{'S': 1, 'E': 0, 'I': 0, 'R': 0, 'D': 0}"
673,"{'S': 1, 'E': 0, 'I': 0, 'R': 0, 'D': 0}"
674,"{'S': 1, 'E': 0, 'I': 0, 'R': 0, 'D': 0}"
675,"{'S': 1, 'E': 0, 'I': 0, 'R': 0, 'D': 0}"
676,"{'S': 1, 'E': 0, 'I': 0, 'R': 0, 'D': 0}"
677,"{'S': 1, 'E': 0, 'I': 0, 'R': 0, 'D': 0}"
678,"{'S': 1, 'E': 0, 'I': 0, 'R': 0, 'D': 0}"
679,"{'S': 1, 'E': 0, 'I': 0, 'R': 0, 'D': 0}"
680,"{'S': 1, 'E': 0, 'I': 0, 'R': 0, 'D': 0}"
681,"{'S': 1, 'E': 0, 'I': 0, 'R': 0, 'D': 0}"
682,"{'S': 1, 'E': 0, 'I': 0, 'R': 0, 'D': 0}"
683,"{'S': 1, 'E': 0, 'I': 0, 'R': 0, 'D': 0}"
684,"{'S': 1, 'E': 0, 'I': 0, 'R': 0, 'D': 0}"
685,"{'S': 1, 'E': 0, 'I': 0, 'R': 0, 'D': 0}"
686,"{'S': 1, 'E': 0, 'I': 0, 'R': 0, 'D': 0}"
687,"{'S': 1, 'E': 0, 'I': 0, 'R': 0, 'D': 0}"
688,"{'S': 1, 'E': 0, 'I': 0, 'R': 0, 'D': 0}"
689,"{'S': 1, 'E': 0, 'I': 0, 'R': 0, 'D': 0}"
690,"{'S': 1, 'E': 0, 'I': 0, 'R': 0, 'D': 0}"
691,"{'S': 1, 'E': 0, 'I': 0, 'R': 0, 'D': 0}"
692,"{'S': 1, 'E': 0, 'I': 0, 'R': 0, 'D': 0}"
693,"{'S': 1, 'E': 0, 'I': 0, 'R': 0, 'D': 0}"
694,"{'S': 1, 'E': 0, 'I': 0, 'R': 0, 'D': 0}"
695,"{'S': 1, 'E': 0, 'I': 0, 'R': 0, 'D': 0}"
696,"{'S': 1, 'E': 0, 'I': 0, 'R': 0, 'D': 0}"
697,"{'S': 1, 'E': 0, 'I': 0, 'R': 0, 'D': 0}"
698,"{'S': 1, 'E': 0, 'I': 0, 'R': 0, 'D': 0}"
699,"{'S': 1, 'E': 0, 'I': 0, 'R': 0, 'D': 0}"
700,"{'S': 1, 'E': 0, 'I': 0, 'R': 0, 'D': 0}"
701,"{'S': 1, 'E': 0, 'I': 0, 'R': 0, 'D': 0}"
702,"{'S': 1, 'E': 0, 'I': 0, 'R': 0, 'D': 0}"
703,"{'S': 1, 'E': 0, 'I': 0, 'R': 0, 'D': 0}"
704,"{'S': 1, 'E': 0, 'I': 0, 'R': 0, 'D': 0}"
705,"{'S': 1, 'E': 0, 'I': 0, 'R': 0, 'D': 0}"
706,"{'S': 1, 'E': 0, 'I': 0, 'R': 0, 'D': 0}"
707,"{'S': 1, 'E': 0, 'I': 0, 'R': 0, 'D': 0}"
708,"{'S': 1, 'E': 0, 'I': 0, 'R': 0, 'D': 0}"
709,"{'S': 1, 'E': 0, 'I': 0, 'R': 0, 'D': 0}"
710,"{'S': 1, 'E': 0, 'I': 0, 'R': 0, 'D': 0}"
711,"{'S': 1, 'E': 0, 'I': 0, 'R': 0, 'D': 0}"
712,"{'S': 1, 'E': 0, 'I': 0, 'R': 0, 'D': 0}"
713,"{'S': 1, 'E': 0, 'I': 0, 'R': 0, 'D': 0}"
714,"{'S': 1, 'E': 0, 'I': 0, 'R': 0, 'D': 0}"
715,"{'S': 1, 'E': 0, 'I': 0, 'R': 0, 'D': 0}"
716,"{'S': 1, 'E': 0, 'I': 0, 'R': 0, 'D': 0}"
717,"{'S': 1, 'E': 0, 'I': 0, 'R': 0, 'D': 0}"
718,"{'S': 1, 'E': 0, 'I': 0, 'R': 0, 'D': 0}"
719,"{'S': 1, 'E': 0, 'I': 0, 'R': 0, 'D': 0}"
720,"{'S': 1, 'E': 0, 'I': 0, 'R': 0, 'D': 0}"
721,"{'S': 1, 'E': 0, 'I': 0, 'R': 0, 'D': 0}"
722,"{'S': 1, 'E': 0, 'I': 0, 'R': 0, 'D': 0}"
723,"{'S': 1, 'E': 0, 'I': 0, 'R': 0, 'D': 0}"
724,"{'S': 1, 'E': 0, 'I': 0, 'R': 0, 'D': 0}"
725,"{'S': 1, 'E': 0, 'I': 0, 'R': 0, 'D': 0}"
726,"{'S': 1, 'E': 0, 'I': 0, 'R': 0, 'D': 0}"
727,"{'S': 1, 'E': 0, 'I': 0, 'R': 0, 'D': 0}"
728,"{'S': 1, 'E': 0, 'I': 0, 'R': 0, 'D': 0}"
729,"{'S': 1, 'E': 0, 'I': 0, 'R': 0, 'D': 0}"
730,"{'S': 1, 'E': 0, 'I': 0, 'R': 0, 'D': 0}"
731,"{'S': 1, 'E': 0, 'I': 0, 'R': 0, 'D': 0}"
732,"{'S': 1, 'E': 0, 'I': 0, 'R': 0, 'D': 0}"
733,"{'S': 1, 'E': 0, 'I': 0, 'R': 0, 'D': 0}"
734,"{'S': 1, 'E': 0, 'I': 0, 'R': 0, 'D': 0}"
735,"{'S': 1, 'E': 0, 'I': 0, 'R': 0, 'D': 0}"
736,"{'S': 1, 'E': 0, 'I': 0, 'R': 0, 'D': 0}"
737,"{'S': 1, 'E': 0, 'I': 0, 'R': 0, 'D': 0}"
738,"{'S': 1, 'E': 0, 'I': 0, 'R': 0, 'D': 0}"
739,"{'S': 1, 'E': 0, 'I': 0, 'R': 0, 'D': 0}"
740,"{'S': 1, 'E': 0, 'I': 0, 'R': 0, 'D': 0}"
741,"{'S': 1, 'E': 0, 'I': 0, 'R': 0, 'D': 0}"
742,"{'S': 1, 'E': 0, 'I': 0, 'R': 0, 'D': 0}"
743,"{'S': 1, 'E': 0, 'I': 0, 'R': 0, 'D': 0}"
744,"{'S': 1, 'E': 0, 'I': 0, 'R': 0, 'D': 0}"
745,"{'S': 1, 'E': 0, 'I': 0, 'R': 0, 'D': 0}"
746,"{'S': 1, 'E': 0, 'I': 0, 'R': 0, 'D': 0}"
747,"{'S': 1, 'E': 0, 'I': 0, 'R': 0, 'D': 0}"
748,"{'S': 1, 'E': 0, 'I': 0, 'R': 0, 'D': 0}"
749,"{'S': 1, 'E': 0, 'I': 0, 'R': 0, 'D': 0}"
750,"{'S': 1, 'E': 0, 'I': 0, 'R': 0, 'D': 0}"
751,"{'S': 1, 'E': 0, 'I': 0, 'R': 0, 'D': 0}"
752,"{'S': 1, 'E': 0, 'I': 0, 'R': 0, 'D': 0}"
753,"{'S': 1, 'E': 0, 'I': 0, 'R': 0, 'D': 0}"
754,"{'S': 1, 'E': 0, 'I': 0, 'R': 0, 'D': 0}"
755,"{'S': 1, 'E': 0, 'I': 0, 'R': 0, 'D': 0}"
756,"{'S': 1, 'E': 0, 'I': 0, 'R': 0, 'D': 0}"
757,"{'S': 1, 'E': 0, 'I': 0, 'R': 0, 'D': 0}"
758,"{'S': 1, 'E': 0, 'I': 0, 'R': 0, 'D': 0}"
759,"{'S': 1, 'E': 0, 'I': 0, 'R': 0, 'D': 0}"
760,"{'S': 1, 'E': 0, 'I': 0, 'R': 0, 'D': 0}"
761,"{'S': 1, 'E': 0, 'I': 0, 'R': 0, 'D': 0}"
762,"{'S': 1, 'E': 0, 'I': 0, 'R': 0, 'D': 0}"
763,"{'S': 1, 'E': 0, 'I': 0, 'R': 0, 'D': 0}"
764,"{'S': 1, 'E': 0, 'I': 0, 'R': 0, 'D': 0}"
765,"{'S': 1, 'E': 0, 'I': 0, 'R': 0, 'D': 0}"
766,"{'S': 1, 'E': 0, 'I': 0, 'R': 0, 'D': 0}"
767,"{'S': 1, 'E': 0, 'I': 0, 'R': 0, 'D': 0}"
768,"{'S': 1, 'E': 0, 'I': 0, 'R': 0, 'D': 0}"
769,"{'S': 1, 'E': 0, 'I': 0, 'R': 0, 'D': 0}"
770,"{'S': 1, 'E': 0, 'I': 0, 'R': 0, 'D': 0}"
771,"{'S': 1, 'E': 0, 'I': 0, 'R': 0, 'D': 0}"
772,"{'S': 1, 'E': 0, 'I': 0, 'R': 0, 'D': 0}"
773,"{'S': 1, 'E': 0, 'I': 0, 'R': 0, 'D': 0}"
774,"{'S': 1, 'E': 0, 'I': 0, 'R': 0, 'D': 0}"
775,"{'S': 1, 'E': 0, 'I': 0, 'R': 0, 'D': 0}"
776,"{'S': 1, 'E': 0, 'I': 0, 'R': 0, 'D': 0}"
777,"{'S': 1, 'E': 0, 'I': 0, 'R': 0, 'D': 0}"
778,"{'S': 1, 'E': 0, 'I': 0, 'R': 0, 'D': 0}"
779,"{'S': 1, 'E': 0, 'I': 0, 'R': 0, 'D': 0}"
780,"{'S': 0, 'E': 0, 'I': 1, 'R': 0, 'D': 0}"
781,"{'S': 1, 'E': 0, 'I': 0, 'R': 0, 'D': 0}"
782,"{'S': 1, 'E': 0, 'I': 0, 'R': 0, 'D': 0}"
783,"{'S': 1, 'E': 0, 'I': 0, 'R': 0, 'D': 0}"
784,"{'S': 1, 'E': 0, 'I': 0, 'R': 0, 'D': 0}"
785,"{'S': 1, 'E': 0, 'I': 0, 'R': 0, 'D': 0}"
786,"{'S': 0, 'E': 0, 'I': 1, 'R': 0, 'D': 0}"
787,"{'S': 1, 'E': 0, 'I': 0, 'R': 0, 'D': 0}"
788,"{'S': 1, 'E': 0, 'I': 0, 'R': 0, 'D': 0}"
789,"{'S': 1, 'E': 0, 'I': 0, 'R': 0, 'D': 0}"
790,"{'S': 1, 'E': 0, 'I': 0, 'R': 0, 'D': 0}"
791,"{'S': 1, 'E': 0, 'I': 0, 'R': 0, 'D': 0}"
792,"{'S': 1, 'E': 0, 'I': 0, 'R': 0, 'D': 0}"
793,"{'S': 1, 'E': 0, 'I': 0, 'R': 0, 'D': 0}"
794,"{'S': 1, 'E': 0, 'I': 0, 'R': 0, 'D': 0}"
795,"{'S': 1, 'E': 0, 'I': 0, 'R': 0, 'D': 0}"
796,"{'S': 1, 'E': 0, 'I': 0, 'R': 0, 'D': 0}"
797,"{'S': 1, 'E': 0, 'I': 0, 'R': 0, 'D': 0}"
798,"{'S': 1, 'E': 0, 'I': 0, 'R': 0, 'D': 0}"
799,"{'S': 1, 'E': 0, 'I': 0, 'R': 0, 'D': 0}"
800,"{'S': 1, 'E': 0, 'I': 0, 'R': 0, 'D': 0}"
801,"{'S': 1, 'E': 0, 'I': 0, 'R': 0, 'D': 0}"
802,"{'S': 1, 'E': 0, 'I': 0, 'R': 0, 'D': 0}"
803,"{'S': 1, 'E': 0, 'I': 0, 'R': 0, 'D': 0}"
804,"{'S': 1, 'E': 0, 'I': 0, 'R': 0, 'D': 0}"
805,"{'S': 1, 'E': 0, 'I': 0, 'R': 0, 'D': 0}"
806,"{'S': 1, 'E': 0, 'I': 0, 'R': 0, 'D': 0}"
807,"{'S': 1, 'E': 0, 'I': 0, 'R': 0, 'D': 0}"
808,"{'S': 1, 'E': 0, 'I': 0, 'R': 0, 'D': 0}"
809,"{'S': 1, 'E': 0, 'I': 0, 'R': 0, 'D': 0}"
810,"{'S': 1, 'E': 0, 'I': 0, 'R': 0, 'D': 0}"
811,"{'S': 1, 'E': 0, 'I': 0, 'R': 0, 'D': 0}"
812,"{'S': 1, 'E': 0, 'I': 0, 'R': 0, 'D': 0}"
813,"{'S': 1, 'E': 0, 'I': 0, 'R': 0, 'D': 0}"
814,"{'S': 1, 'E': 0, 'I': 0, 'R': 0, 'D': 0}"
815,"{'S': 1, 'E': 0, 'I': 0, 'R': 0, 'D': 0}"
816,"{'S': 1, 'E': 0, 'I': 0, 'R': 0, 'D': 0}"
817,"{'S': 1, 'E': 0, 'I': 0, 'R': 0, 'D': 0}"
818,"{'S': 1, 'E': 0, 'I': 0, 'R': 0, 'D': 0}"
819,"{'S': 1, 'E': 0, 'I': 0, 'R': 0, 'D': 0}"
820,"{'S': 1, 'E': 0, 'I': 0, 'R': 0, 'D': 0}"
821,"{'S': 1, 'E': 0, 'I': 0, 'R': 0, 'D': 0}"
822,"{'S': 1, 'E': 0, 'I': 0, 'R': 0, 'D': 0}"
823,"{'S': 1, 'E': 0, 'I': 0, 'R': 0, 'D': 0}"
824,"{'S': 1, 'E': 0, 'I': 0, 'R': 0, 'D': 0}"
825,"{'S': 1, 'E': 0, 'I': 0, 'R': 0, 'D': 0}"
826,"{'S': 1, 'E': 0, 'I': 0, 'R': 0, 'D': 0}"
827,"{'S': 1, 'E': 0, 'I': 0, 'R': 0, 'D': 0}"
828,"{'S': 1, 'E': 0, 'I': 0, 'R': 0, 'D': 0}"
829,"{'S': 1, 'E': 0, 'I': 0, 'R': 0, 'D': 0}"
830,"{'S': 1, 'E': 0, 'I': 0, 'R': 0, 'D': 0}"
831,"{'S': 1, 'E': 0, 'I': 0, 'R': 0, 'D': 0}"
832,"{'S': 1, 'E': 0, 'I': 0, 'R': 0, 'D': 0}"
833,"{'S': 1, 'E': 0, 'I': 0, 'R': 0, 'D': 0}"
834,"{'S': 1, 'E': 0, 'I': 0, 'R': 0, 'D': 0}"
835,"{'S': 1, 'E': 0, 'I': 0, 'R': 0, 'D': 0}"
836,"{'S': 1, 'E': 0, 'I': 0, 'R': 0, 'D': 0}"
837,"{'S': 1, 'E': 0, 'I': 0, 'R': 0, 'D': 0}"
838,"{'S': 1, 'E': 0, 'I': 0, 'R': 0, 'D': 0}"
839,"{'S': 1, 'E': 0, 'I': 0, 'R': 0, 'D': 0}"
840,"{'S': 1, 'E': 0, 'I': 0, 'R': 0, 'D': 0}"
841,"{'S': 1, 'E': 0, 'I': 0, 'R': 0, 'D': 0}"
842,"{'S': 1, 'E': 0, 'I': 0, 'R': 0, 'D': 0}"
843,"{'S': 1, 'E': 0, 'I': 0, 'R': 0, 'D': 0}"
844,"{'S': 1, 'E': 0, 'I': 0, 'R': 0, 'D': 0}"
845,"{'S': 1, 'E': 0, 'I': 0, 'R': 0, 'D': 0}"
846,"{'S': 1, 'E': 0, 'I': 0, 'R': 0, 'D': 0}"
847,"{'S': 1, 'E': 0, 'I': 0, 'R': 0, 'D': 0}"
848,"{'S': 1, 'E': 0, 'I': 0, 'R': 0, 'D': 0}"
849,"{'S': 1, 'E': 0, 'I': 0, 'R': 0, 'D': 0}"
850,"{'S': 1, 'E': 0, 'I': 0, 'R': 0, 'D': 0}"
851,"{'S': 1, 'E': 0, 'I': 0, 'R': 0, 'D': 0}"
852,"{'S': 1, 'E': 0, 'I': 0, 'R': 0, 'D': 0}"
853,"{'S': 1, 'E': 0, 'I': 0, 'R': 0, 'D': 0}"
854,"{'S': 1, 'E': 0, 'I': 0, 'R': 0, 'D': 0}"
855,"{'S': 1, 'E': 0, 'I': 0, 'R': 0, 'D': 0}"
856,"{'S': 1, 'E': 0, 'I': 0, 'R': 0, 'D': 0}"
857,"{'S': 1, 'E': 0, 'I': 0, 'R': 0, 'D': 0}"
858,"{'S': 1, 'E': 0, 'I': 0, 'R': 0, 'D': 0}"
859,"{'S': 1, 'E': 0, 'I': 0, 'R': 0, 'D': 0}"
860,"{'S': 1, 'E': 0, 'I': 0, 'R': 0, 'D': 0}"
861,"{'S': 1, 'E': 0, 'I': 0, 'R': 0, 'D': 0}"
862,"{'S': 1, 'E': 0, 'I': 0, 'R': 0, 'D': 0}"
863,"{'S': 1, 'E': 0, 'I': 0, 'R': 0, 'D': 0}"
864,"{'S': 1, 'E': 0, 'I': 0, 'R': 0, 'D': 0}"
865,"{'S': 1, 'E': 0, 'I': 0, 'R': 0, 'D': 0}"
866,"{'S': 1, 'E': 0, 'I': 0, 'R': 0, 'D': 0}"
867,"{'S': 1, 'E': 0, 'I': 0, 'R': 0, 'D': 0}"
868,"{'S': 1, 'E': 0, 'I': 0, 'R': 0, 'D': 0}"
869,"{'S': 1, 'E': 0, 'I': 0, 'R': 0, 'D': 0}"
870,"{'S': 1, 'E': 0, 'I': 0, 'R': 0, 'D': 0}"
871,"{'S': 1, 'E': 0, 'I': 0, 'R': 0, 'D': 0}"
872,"{'S': 1, 'E': 0, 'I': 0, 'R': 0, 'D': 0}"
873,"{'S': 1, 'E': 0, 'I': 0, 'R': 0, 'D': 0}"
874,"{'S': 1, 'E': 0, 'I': 0, 'R': 0, 'D': 0}"
875,"{'S': 1, 'E': 0, 'I': 0, 'R': 0, 'D': 0}"
876,"{'S': 1, 'E': 0, 'I': 0, 'R': 0, 'D': 0}"
877,"{'S': 1, 'E': 0, 'I': 0, 'R': 0, 'D': 0}"
878,"{'S': 1, 'E': 0, 'I': 0, 'R': 0, 'D': 0}"
879,"{'S': 1, 'E': 0, 'I': 0, 'R': 0, 'D': 0}"
880,"{'S': 1, 'E': 0, 'I': 0, 'R': 0, 'D': 0}"
881,"{'S': 1, 'E': 0, 'I': 0, 'R': 0, 'D': 0}"
882,"{'S': 1, 'E': 0, 'I': 0, 'R': 0, 'D': 0}"
883,"{'S': 1, 'E': 0, 'I': 0, 'R': 0, 'D': 0}"
884,"{'S': 1, 'E': 0, 'I': 0, 'R': 0, 'D': 0}"
885,"{'S': 1, 'E': 0, 'I': 0, 'R': 0, 'D': 0}"
886,"{'S': 1, 'E': 0, 'I': 0, 'R': 0, 'D': 0}"
887,"{'S': 1, 'E': 0, 'I': 0, 'R': 0, 'D': 0}"
888,"{'S': 1, 'E': 0, 'I': 0, 'R': 0, 'D': 0}"
889,"{'S': 1, 'E': 0, 'I': 0, 'R': 0, 'D': 0}"
890,"{'S': 1, 'E': 0, 'I': 0, 'R': 0, 'D': 0}"
891,"{'S': 1, 'E': 0, 'I': 0, 'R': 0, 'D': 0}"
892,"{'S': 1, 'E': 0, 'I': 0, 'R': 0, 'D': 0}"
893,"{'S': 1, 'E': 0, 'I': 0, 'R': 0, 'D': 0}"
894,"{'S': 1, 'E': 0, 'I': 0, 'R': 0, 'D': 0}"
895,"{'S': 1, 'E': 0, 'I': 0, 'R': 0, 'D': 0}"
896,"{'S': 1, 'E': 0, 'I': 0, 'R': 0, 'D': 0}"
897,"{'S': 1, 'E': 0, 'I': 0, 'R': 0, 'D': 0}"
898,"{'S': 1, 'E': 0, 'I': 0, 'R': 0, 'D': 0}"
899,"{'S': 1, 'E': 0, 'I': 0, 'R': 0, 'D': 0}"
900,"{'S': 1, 'E': 0, 'I': 0, 'R': 0, 'D': 0}"
901,"{'S': 1, 'E': 0, 'I': 0, 'R': 0, 'D': 0}"
902,"{'S': 1, 'E': 0, 'I': 0, 'R': 0, 'D': 0}"
903,"{'S': 1, 'E': 0, 'I': 0, 'R': 0, 'D': 0}"
904,"{'S': 1, 'E': 0, 'I': 0, 'R': 0, 'D': 0}"
905,"{'S': 1, 'E': 0, 'I': 0, 'R': 0, 'D': 0}"
906,"{'S': 1, 'E': 0, 'I': 0, 'R': 0, 'D': 0}"
907,"{'S': 1, 'E': 0, 'I': 0, 'R': 0, 'D': 0}"
908,"{'S': 1, 'E': 0, 'I': 0, 'R': 0, 'D': 0}"
909,"{'S': 1, 'E': 0, 'I': 0, 'R': 0, 'D': 0}"
910,"{'S': 1, 'E': 0, 'I': 0, 'R': 0, 'D': 0}"
911,"{'S': 1, 'E': 0, 'I': 0, 'R': 0, 'D': 0}"
912,"{'S': 1, 'E': 0, 'I': 0, 'R': 0, 'D': 0}"
913,"{'S': 1, 'E': 0, 'I': 0, 'R': 0, 'D': 0}"
914,"{'S': 1, 'E': 0, 'I': 0, 'R': 0, 'D': 0}"
915,"{'S': 1, 'E': 0, 'I': 0, 'R': 0, 'D': 0}"
916,"{'S': 1, 'E': 0, 'I': 0, 'R': 0, 'D': 0}"
917,"{'S': 1, 'E': 0, 'I': 0, 'R': 0, 'D': 0}"
918,"{'S': 1, 'E': 0, 'I': 0, 'R': 0, 'D': 0}"
919,"{'S': 1, 'E': 0, 'I': 0, 'R': 0, 'D': 0}"
920,"{'S': 1, 'E': 0, 'I': 0, 'R': 0, 'D': 0}"
921,"{'S': 1, 'E': 0, 'I': 0, 'R': 0, 'D': 0}"
922,"{'S': 1, 'E': 0, 'I': 0, 'R': 0, 'D': 0}"
923,"{'S': 1, 'E': 0, 'I': 0, 'R': 0, 'D': 0}"
924,"{'S': 1, 'E': 0, 'I': 0, 'R': 0, 'D': 0}"
925,"{'S': 1, 'E': 0, 'I': 0, 'R': 0, 'D': 0}"
926,"{'S': 1, 'E': 0, 'I': 0, 'R': 0, 'D': 0}"
927,"{'S': 1, 'E': 0, 'I': 0, 'R': 0, 'D': 0}"
928,"{'S': 1, 'E': 0, 'I': 0, 'R': 0, 'D': 0}"
929,"{'S': 1, 'E': 0, 'I': 0, 'R': 0, 'D': 0}"
930,"{'S': 1, 'E': 0, 'I': 0, 'R': 0, 'D': 0}"
931,"{'S': 1, 'E': 0, 'I': 0, 'R': 0, 'D': 0}"
932,"{'S': 1, 'E': 0, 'I': 0, 'R': 0, 'D': 0}"
933,"{'S': 1, 'E': 0, 'I': 0, 'R': 0, 'D': 0}"
934,"{'S': 1, 'E': 0, 'I': 0, 'R': 0, 'D': 0}"
935,"{'S': 1, 'E': 0, 'I': 0, 'R': 0, 'D': 0}"
936,"{'S': 1, 'E': 0, 'I': 0, 'R': 0, 'D': 0}"
937,"{'S': 1, 'E': 0, 'I': 0, 'R': 0, 'D': 0}"
938,"{'S': 1, 'E': 0, 'I': 0, 'R': 0, 'D': 0}"
939,"{'S': 1, 'E': 0, 'I': 0, 'R': 0, 'D': 0}"
940,"{'S': 1, 'E': 0, 'I': 0, 'R': 0, 'D': 0}"
941,"{'S': 1, 'E': 0, 'I': 0, 'R': 0, 'D': 0}"
942,"{'S': 1, 'E': 0, 'I': 0, 'R': 0, 'D': 0}"
943,"{'S': 1, 'E': 0, 'I': 0, 'R': 0, 'D': 0}"
944,"{'S': 1, 'E': 0, 'I': 0, 'R': 0, 'D': 0}"
945,"{'S': 1, 'E': 0, 'I': 0, 'R': 0, 'D': 0}"
946,"{'S': 1, 'E': 0, 'I': 0, 'R': 0, 'D': 0}"
947,"{'S': 1, 'E': 0, 'I': 0, 'R': 0, 'D': 0}"
948,"{'S': 1, 'E': 0, 'I': 0, 'R': 0, 'D': 0}"
949,"{'S': 1, 'E': 0, 'I': 0, 'R': 0, 'D': 0}"
950,"{'S': 1, 'E': 0, 'I': 0, 'R': 0, 'D': 0}"
951,"{'S': 1, 'E': 0, 'I': 0, 'R': 0, 'D': 0}"
952,"{'S': 1, 'E': 0, 'I': 0, 'R': 0, 'D': 0}"
953,"{'S': 1, 'E': 0, 'I': 0, 'R': 0, 'D': 0}"
954,"{'S': 1, 'E': 0, 'I': 0, 'R': 0, 'D': 0}"
955,"{'S': 1, 'E': 0, 'I': 0, 'R': 0, 'D': 0}"
956,"{'S': 1, 'E': 0, 'I': 0, 'R': 0, 'D': 0}"
957,"{'S': 1, 'E': 0, 'I': 0, 'R': 0, 'D': 0}"
958,"{'S': 1, 'E': 0, 'I': 0, 'R': 0, 'D': 0}"
959,"{'S': 1, 'E': 0, 'I': 0, 'R': 0, 'D': 0}"
960,"{'S': 1, 'E': 0, 'I': 0, 'R': 0, 'D': 0}"
961,"{'S': 1, 'E': 0, 'I': 0, 'R': 0, 'D': 0}"
962,"{'S': 1, 'E': 0, 'I': 0, 'R': 0, 'D': 0}"
963,"{'S': 1, 'E': 0, 'I': 0, 'R': 0, 'D': 0}"
964,"{'S': 1, 'E': 0, 'I': 0, 'R': 0, 'D': 0}"
965,"{'S': 1, 'E': 0, 'I': 0, 'R': 0, 'D': 0}"
966,"{'S': 1, 'E': 0, 'I': 0, 'R': 0, 'D': 0}"
967,"{'S': 1, 'E': 0, 'I': 0, 'R': 0, 'D': 0}"
968,"{'S': 1, 'E': 0, 'I': 0, 'R': 0, 'D': 0}"
969,"{'S': 1, 'E': 0, 'I': 0, 'R': 0, 'D': 0}"
970,"{'S': 1, 'E': 0, 'I': 0, 'R': 0, 'D': 0}"
971,"{'S': 1, 'E': 0, 'I': 0, 'R': 0, 'D': 0}"
972,"{'S': 1, 'E': 0, 'I': 0, 'R': 0, 'D': 0}"
973,"{'S': 1, 'E': 0, 'I': 0, 'R': 0, 'D': 0}"
974,"{'S': 1, 'E': 0, 'I': 0, 'R': 0, 'D': 0}"
975,"{'S': 1, 'E': 0, 'I': 0, 'R': 0, 'D': 0}"
976,"{'S': 1, 'E': 0, 'I': 0, 'R': 0, 'D': 0}"
977,"{'S': 1, 'E': 0, 'I': 0, 'R': 0, 'D': 0}"
978,"{'S': 1, 'E': 0, 'I': 0, 'R': 0, 'D': 0}"
979,"{'S': 1, 'E': 0, 'I': 0, 'R': 0, 'D': 0}"
980,"{'S': 1, 'E': 0, 'I': 0, 'R': 0, 'D': 0}"
981,"{'S': 1, 'E': 0, 'I': 0, 'R': 0, 'D': 0}"
982,"{'S': 1, 'E': 0, 'I': 0, 'R': 0, 'D': 0}"
983,"{'S': 1, 'E': 0, 'I': 0, 'R': 0, 'D': 0}"
984,"{'S': 1, 'E': 0, 'I': 0, 'R': 0, 'D': 0}"
985,"{'S': 1, 'E': 0, 'I': 0, 'R': 0, 'D': 0}"
986,"{'S': 1, 'E': 0, 'I': 0, 'R': 0, 'D': 0}"
987,"{'S': 1, 'E': 0, 'I': 0, 'R': 0, 'D': 0}"
988,"{'S': 1, 'E': 0, 'I': 0, 'R': 0, 'D': 0}"
989,"{'S': 1, 'E': 0, 'I': 0, 'R': 0, 'D': 0}"
990,"{'S': 1, 'E': 0, 'I': 0, 'R': 0, 'D': 0}"
991,"{'S': 1, 'E': 0, 'I': 0, 'R': 0, 'D': 0}"
992,"{'S': 1, 'E': 0, 'I': 0, 'R': 0, 'D': 0}"
993,"{'S': 1, 'E': 0, 'I': 0, 'R': 0, 'D': 0}"
994,"{'S': 1, 'E': 0, 'I': 0, 'R': 0, 'D': 0}"
995,"{'S': 1, 'E': 0, 'I': 0, 'R': 0, 'D': 0}"
996,"{'S': 1, 'E': 0, 'I': 0, 'R': 0, 'D': 0}"
997,"{'S': 1, 'E': 0, 'I': 0, 'R': 0, 'D': 0}"
998,"{'S': 1, 'E': 0, 'I': 0, 'R': 0, 'D': 0}"
999,"{'S': 1, 'E': 0, 'I': 0, 'R': 0, 'D': 0}"
